Track URI,Track Name,Album Name,Artist Name(s),Release Date,Duration (ms),Popularity,Explicit,Added By,Added At,Genres,Record Label,Danceability,Energy,Key,Loudness,Mode,Speechiness,Acousticness,Instrumentalness,Liveness,Valence,Tempo,Time Signature
spotify:track:6iAoohJqkZCOo6SdzkXyZI,"Everyone Around Me Dancing","Singing","Gia Margaret",2026-04-24,185955,41,false,,2026-05-01T04:02:47Z,"","Jagjaguwar",0.557,0.206,5,-12.951,0,0.0449,0.92,0.00244,0.118,0.0699,111.609,4
spotify:track:2Ggr9IfS70wYQacW8nZKPG,"labour","labour","Paris Paloma",2023-03-23,237744,73,true,,2026-05-01T04:02:47Z,"","Nettwerk Music Group",0.65,0.574,11,-10.3,0,0.101,0.396,0.000112,0.354,0.441,83.963,4
spotify:track:1x0Q0nvWYbJCrmsPZNHIkb,"If You Know Me - demo","If You Know Me (demo)","Hudson Freeman",2025-09-12,127540,51,false,,2026-05-01T04:02:47Z,"","Hudson Freeman",0.622,0.446,4,-6.517,1,0.0276,0.955,0.0000504,0.108,0.371,80.685,4
spotify:track:5S1BO9BS02VIBBDjh2ybEA,"Wings","Wings","Betty",2026-03-20,248981,38,false,,2026-05-01T04:02:47Z,"","Mandatory Music",0.546,0.589,4,-8.503,1,0.0224,0.379,0.00134,0.108,0.413,91.865,4
spotify:track:0BCWfP8NXjwmINTW1MyMu1,"We Go Way Back","The Great Divide","Noah Kahan",2026-04-24,242578,72,false,,2026-05-01T04:02:47Z,"","Mercury Records",0.629,0.302,2,-13.574,1,0.0357,0.871,0.0000208,0.109,0.392,94.997,4
spotify:track:0MRooJn2J6iXQnzFdFSpRR,"I'll Change for You","Nothing's About to Happen to Me","Mitski",2026-02-27,196426,68,false,,2026-05-01T04:02:47Z,"","Dead Oceans",0.465,0.332,4,-14.07,1,0.0293,0.714,0.0533,0.128,0.519,86.921,4
spotify:track:5QL8Uqhv0MQRYKRy6UKQIy,"I Lied (with August Ponthier)","I Lied","Lord Huron;August Ponthier",2021-04-29,234383,57,false,,2026-05-01T04:02:47Z,"","Republic Records",0.44,0.269,5,-10.769,1,0.0262,0.914,0.261,0.132,0.138,103.877,3
spotify:track:3XMl69GS63VxoSOO6Nxord,"Walls","Walls","The Army, The Navy",2026-03-06,192144,50,false,,2026-05-01T04:02:47Z,"","New Gold Medal",0.359,0.386,4,-12.084,0,0.0363,0.919,0.0000045,0.0914,0.408,144.394,4
spotify:track:4OjdtASj8p9hTwS3D555wk,"crooked the road.","crooked the road.","Mon Rovîa",2024-08-23,175609,71,false,,2026-05-01T04:02:47Z,"","Nettwerk Music Group",0.644,0.423,7,-12.206,1,0.0441,0.854,0.0092,0.115,0.231,164.045,4
spotify:track:3EcCMhVhlej7SiLGgKwTub,"Stay","Stay","Leith Ross",2025-08-15,249813,42,false,,2026-05-01T04:02:47Z,"","Republic Records",0.498,0.379,2,-10.573,1,0.0362,0.545,0.00653,0.21,0.508,122.12,4
spotify:track:2HQsCNZ50sGTMQFPJeiHMu,"By and By","By and By","Caamp",2019-07-26,280794,74,false,,2026-05-01T04:02:47Z,"indie folk,folk","Mom+Pop",0.583,0.474,9,-7.981,1,0.0258,0.794,0.00000299,0.115,0.333,101.43,4
spotify:track:3vkCueOmm7xQDoJ17W1Pm3,"My Love Mine All Mine","The Land Is Inhospitable and So Are We","Mitski",2023-09-15,137773,88,false,,2026-05-01T04:02:47Z,"","Dead Oceans",0.504,0.308,9,-14.958,1,0.0321,0.868,0.135,0.158,0.121,113.95,4
spotify:track:32btQnrL0HR6M1KKAPf3D3,"Do I Wanna Know? - BBC Live Lounge","Hozier (Special Edition)","Hozier",2014-09-19,257893,75,false,,2026-05-01T04:02:47Z,"","Columbia",0.503,0.202,7,-10.827,1,0.0329,0.891,0.000632,0.121,0.208,137.291,4
spotify:track:6IiAEnXYsSD5De5M502OBa,"The Mountain Is You","The Mountain Is You","Chance Peña",2024-04-12,196210,56,false,,2026-05-01T04:02:47Z,"","Chance Peña",0.422,0.451,5,-10.232,1,0.0308,0.588,0.043,0.332,0.102,108.94,4
spotify:track:5NRbNXwXHM9mYgxMhzVWTP,"Not Dead Yet","Not Dead Yet","Lord Huron",2021-02-19,177366,49,false,,2026-05-01T04:02:47Z,"","Republic Records",0.491,0.809,10,-7.68,1,0.0332,0.33,0.158,0.0874,0.656,74.008,4
spotify:track:6oCXDaFZYL7sHnowv6pdXb,"Spring Into Summer","Older (and Wiser)","Lizzy McAlpine",2024-10-04,262518,80,false,,2026-05-01T04:02:47Z,"","Indigo Blue/RCA Records",0.522,0.575,2,-7.294,1,0.0305,0.614,0.000248,0.103,0.234,91.713,4
spotify:track:73uJybGAhwGRD9MZYrOmTY,"Death with Dignity","Carrie & Lowell","Sufjan Stevens",2015-03-31,239508,66,false,,2026-05-01T04:02:47Z,"baroque pop","Asthmatic Kitty",0.514,0.16,4,-21.04,1,0.0383,0.986,0.0176,0.113,0.395,169.898,4
spotify:track:6uTTNETm26JZlksu0KFgJu,"If I go","Body Break","Beryl",2025-10-10,215649,46,false,,2026-05-01T04:02:47Z,"","Peril Records AU",0.274,0.269,6,-10.587,0,0.0296,0.852,0.0138,0.132,0.173,149.193,4
spotify:track:3uPtIkVX9oKZOySke79nJD,"I'm Not Them","Lay Me Down Here","Them & I",2025-12-05,123962,72,false,,2026-05-01T04:02:47Z,"","broke",0.532,0.348,4,-20.043,0,0.0374,0.882,0.74,0.162,0.359,80.957,4
spotify:track:0SC0WzJk80snenOopsPzvM,"Earthstar","Earthstar Mountain","Hannah Cohen",2025-03-28,243455,54,false,,2026-05-01T04:02:47Z,"","Congrats Records",0.513,0.726,1,-8.566,0,0.0397,0.289,0.267,0.0778,0.492,152.012,4
spotify:track:4Cd7jyOiC8S18NwUBEGRbe,"Ready or Not (feat. Sierra Ferrell)","Movie Of The Week","Shakey Graves;Sierra Ferrell",2023-09-15,192901,65,false,,2026-05-01T04:02:47Z,"indie folk,americana,bluegrass,alt country","Dualtone Music Group",0.718,0.576,5,-9.603,0,0.0614,0.259,0.0518,0.113,0.622,88.787,4
spotify:track:5LfgzPHvka22FdRAxOme6m,"At The Beach, In Every Life","At The Beach, In Every Life","Gigi Perez",2025-04-25,237809,73,false,,2026-05-01T04:02:47Z,"","Outtahere, LLC / Island Records",0.459,0.426,1,-8.581,1,0.0305,0.559,0.00000703,0.154,0.251,84.053,4
spotify:track:4SwSpxsOYtnEaRxWtYrnvZ,"Vampire Empire","Vampire Empire / Born For Loving You","Big Thief",2023-09-13,192127,77,false,,2026-05-01T04:02:47Z,"","4AD",0.636,0.572,9,-7.797,1,0.0913,0.287,0,0.0878,0.66,131.272,4
spotify:track:3XneIyAAZM1PV6356Eug4l,"The Mythical","The Mythical","Josephine Illingworth",2026-04-02,328500,30,false,,2026-05-01T04:02:47Z,"","Josephine Illingworth",0.289,0.175,11,-16.046,0,0.0352,0.957,0.0218,0.368,0.148,156.461,3
spotify:track:3rUw4cRDeYVZhjkUXBnFUQ,"She Burns","The Wild Swan","Foy Vance",2016-05-13,229226,56,false,,2026-05-01T04:02:47Z,"","Gingerbread Man Records/Elektra",0.73,0.403,4,-10.146,1,0.0483,0.718,0.00225,0.0985,0.502,124.899,4
spotify:track:0Oqxt6JixieLHbwMfnJGWO,"Paris, Texas (feat. SYML)","Did you know that there's a tunnel under Ocean Blvd","Lana Del Rey;SYML",2023-03-24,206722,74,false,,2026-05-01T04:02:47Z,"","Polydor Records",0.287,0.102,0,-17.529,0,0.0334,0.985,0.0559,0.109,0.198,170.253,3
spotify:track:2wUvQE1VLMw0jRJVYn7qbt,"Is What It Is","Is What It Is","Chance Peña",2024-08-09,203986,46,false,,2026-05-01T04:02:47Z,"","Chance Peña",0.683,0.459,7,-9.524,1,0.0328,0.576,0.0019,0.0916,0.502,104.007,4
spotify:track:4iK3yOQKoby2b9gvCmUwsR,"How Lucky","How Lucky","Kurt Vile;John Prine",2020-09-24,203106,56,false,,2026-05-01T04:02:47Z,"americana,folk,singer-songwriter,alt country","Matador",0.523,0.441,5,-9.928,1,0.0311,0.465,0.00268,0.365,0.49,171.246,4
spotify:track:5PJH1U5Iie893v48Fl9yaC,"Cool About It","the record","boygenius;Julien Baker;Phoebe Bridgers;Lucy Dacus",2023-03-31,180000,76,false,,2026-05-01T04:02:47Z,"ambient folk","boygenius under exclusive license to Interscope Records",0.52,0.212,2,-13.693,1,0.0335,0.901,0,0.134,0.4,92.444,4
spotify:track:00lSB9CSyOcsxKVtbPbniL,"Elderberry Wine","Bleeds","Wednesday",2025-09-19,215506,59,false,,2026-05-01T04:02:47Z,"alt country","Dead Oceans",0.642,0.704,0,-3.949,1,0.0255,0.0701,0.0000144,0.143,0.372,112.008,4
spotify:track:4wO2JlPZw72Xlu6dGUW4Ce,"Pushing It Down and Praying","Pushing It Down and Praying","Lizzy McAlpine",2024-09-20,234076,72,false,,2026-05-01T04:02:47Z,"","Indigo Blue/RCA Records",0.409,0.251,6,-10.294,1,0.0355,0.797,0.0000105,0.112,0.177,130.391,4
spotify:track:4fPZyUU0MmUJuVlJ9IjJe6,"Caroline","RUSHMERE","Mumford & Sons",2025-03-28,200373,52,false,,2026-05-01T04:02:47Z,"folk,indie folk,folk rock","Glassnote Entertainment Group LLC",0.349,0.88,7,-5.008,1,0.0589,0.00358,0,0.11,0.415,160.291,4
spotify:track:0nV6h4JAeJ9UvkpGmEESMw,"Missing Out","Chaos Angel","Maya Hawke",2024-05-31,217320,58,false,,2026-05-01T04:02:47Z,"","Mom+Pop Music",0.643,0.584,8,-9.19,1,0.0479,0.584,0.105,0.0856,0.889,159.94,4
spotify:track:2IRjyyiU5P9WnmXJKcnwww,"It's Called: Freefall","It's Called: Freefall","Paris Paloma",2022-07-22,158297,65,true,,2026-05-01T04:02:47Z,"","Nettwerk Music Group",0.684,0.129,6,-15.007,1,0.0518,0.908,0.0000021,0.182,0.299,93.775,4
spotify:track:4GIRtMKQ8h4OyLugNbz1JX,"Massachusetts","I Don't Know How But They Found Me!","Jensen McRae",2025-04-25,218954,69,false,,2026-05-01T04:02:47Z,"","Dead Oceans",0.358,0.535,7,-5.227,1,0.0356,0.423,0,0.0939,0.434,203.376,4
spotify:track:2VlikHNvR4PcBzQwJBGqzt,"Hanging on Hope","Hanging on Hope","Buffalo Traffic Jam",2026-03-13,223939,73,false,,2026-05-01T04:02:47Z,"","Arista Records",0.372,0.346,10,-10.579,1,0.0306,0.853,0.00126,0.112,0.174,174.84,4
spotify:track:3nNXXPHGzCObHA50xCLzSf,"Schoolyard Days","Schoolyard Days","Amble",2025-03-07,189527,50,false,,2026-05-01T04:02:47Z,"","Warner Records",0.528,0.607,2,-7.261,1,0.0353,0.421,0.439,0.068,0.376,180.574,4
spotify:track:7ydJaSdC8Au68eYgspNznY,"Goodbye Mr. Blue","Chloë and the Next 20th Century","Father John Misty",2022-04-08,300240,54,false,,2026-05-01T04:02:47Z,"","Sub Pop Records",0.506,0.47,2,-8.787,1,0.0284,0.737,0.608,0.125,0.477,104.967,4
spotify:track:4HOKq0bN93FsAhtZ5Wdq3y,"Long Blue Light","Long Blue Light","Leif Vollebekk",2020-11-10,200173,69,false,,2026-05-01T04:02:47Z,"","Secret City Records",0.568,0.483,9,-9.12,1,0.0297,0.53,0.0972,0.183,0.508,142.52,4
spotify:track:6EWbV0FVnL9CHiSrMyhtpR,"Last Time","Last Time","Medium Build",2025-08-29,214142,49,true,,2026-05-01T04:02:47Z,"","Island Records",0.8,0.517,1,-7.698,1,0.268,0.458,0.00000668,0.0993,0.792,102.015,4
spotify:track:21JL0gpeAYgbSUmzhgSPJz,"Souvenir","boygenius","boygenius;Julien Baker;Phoebe Bridgers;Lucy Dacus",2018-10-26,212467,60,false,,2026-05-01T04:02:47Z,"ambient folk","Matador",0.605,0.299,6,-11.192,0,0.0264,0.751,0.474,0.0943,0.181,109.008,4
spotify:track:4PwWESSlTwzvw9B7bmtTLS,"anything","songs","Adrianne Lenker",2020-10-23,202047,81,false,,2026-05-01T04:02:47Z,"","4AD",0.388,0.291,3,-12.952,1,0.0421,0.774,0.0000193,0.0874,0.51,83.943,4
spotify:track:1xQKkR7bFenmihMnOgoFgC,"Mountain","Earthstar Mountain","Hannah Cohen",2025-03-28,239895,49,false,,2026-05-01T04:02:47Z,"","Congrats Records",0.666,0.486,9,-10.114,0,0.0282,0.697,0.0456,0.109,0.455,121.022,4
spotify:track:32xm5clCZkPPc7hdQRZjYQ,"Bathroom Light","Orange Blood","Mt. Joy",2022-06-17,188266,66,false,,2026-05-01T04:02:47Z,"","Island Records",0.653,0.514,3,-10.819,1,0.0468,0.906,0.00668,0.109,0.651,135.15,4
spotify:track:0k4XDoI1iCB3fV2RstqiYA,"THINGS BEHIND THINGS BEHIND THINGS","SABLE, fABLE","Bon Iver",2025-04-11,200589,59,false,,2026-05-01T04:02:47Z,"","Jagjaguwar",0.413,0.467,9,-9.282,1,0.0292,0.732,0.0111,0.0711,0.377,157.338,4
spotify:track:0aK8R0A8eMzEKfzEvapzlX,"Roll The Bones","Roll The Bones X","Shakey Graves",2021-04-02,244272,45,false,,2026-05-01T04:02:47Z,"indie folk","Dualtone Music Group",0.582,0.373,7,-12.826,1,0.0326,0.803,0.0705,0.112,0.182,113.218,4
spotify:track:4UjWi9O04gSjMFS2gZF1U7,"Keep Me Honest","Keep Me Honest","Michael Marcagi",2024-12-13,190890,59,false,,2026-05-01T04:02:47Z,"","Warner Records",0.532,0.57,6,-6.848,1,0.0292,0.139,0.0000117,0.0718,0.345,80.118,4
spotify:track:4Lfp5tapFcY87K1z5s8d4E,"pirate song","Dark Corners and Alchemy","mehro",2023-03-23,191241,59,false,,2026-05-01T04:02:47Z,"","Heroine Music Group LLC",0.497,0.403,4,-11.516,0,0.0427,0.508,0.0742,0.133,0.262,179.917,3
spotify:track:2pJL7VBbeO4ZqVIUDf0x9H,"Bluebird","Bluebird","Lana Del Rey",2025-04-18,242584,60,false,,2026-05-01T04:02:47Z,"","Polydor Records",0.246,0.181,0,-11.52,1,0.03,0.88,0.122,0.0942,0.24,77.289,4
spotify:track:4fyqGylwyCpUTbgzYJ6RXN,"Deep In Love","Bonny Light Horseman","Bonny Light Horseman;Eric D. Johnson;Josh Kaufman;Anaïs Mitchell",2020-01-24,309072,56,false,,2026-05-01T04:02:47Z,"musicals","37d03d",0.618,0.558,5,-8.184,1,0.0251,0.604,0.395,0.124,0.336,111.709,4
spotify:track:4LxQxGzZj0niHD8bbZCEYn,"Stick Around","Country","Medium Build",2024-04-05,272065,40,true,,2026-05-01T04:02:47Z,"","Island Records",0.617,0.63,10,-7.823,1,0.0455,0.477,0.00000159,0.0962,0.469,81.911,4
spotify:track:5GTRE7cnySeaYBanwM5FIt,"Incomprehensible","Double Infinity","Big Thief",2025-09-05,233307,60,false,,2026-05-01T04:02:47Z,"","4AD",0.555,0.681,9,-8.75,1,0.0429,0.789,0.0014,0.153,0.68,123.634,4
spotify:track:6HUcWQO05Za28Yy4csRYth,"Life Is","Here in the Pitch","Jessica Pratt",2024-05-03,188293,47,false,,2026-05-01T04:02:47Z,"ambient folk","Mexican Summer",0.675,0.337,2,-11.926,1,0.0256,0.749,0.00596,0.0639,0.378,103.988,4
spotify:track:4VhbsGXRGDncpi79aiX8eE,"Ankles","Forever Is A Feeling","Lucy Dacus",2025-03-28,191476,56,false,,2026-05-01T04:02:47Z,"","Lucy Dacus, under exclusive license to Geffen Records.",0.785,0.495,9,-6.94,1,0.0337,0.272,0.0348,0.0704,0.69,120.021,4
spotify:track:7uWS4zoWMNU9fUPojMYilC,"There's A Rhythmn","SABLE, fABLE","Bon Iver",2025-04-11,316301,58,false,,2026-05-01T04:02:47Z,"","Jagjaguwar",0.599,0.376,3,-8.921,1,0.0248,0.719,0.368,0.116,0.47,80.82,4
spotify:track:7oChm7YC5PS1NvEkRCgswG,"Manifest","My Finest Work Yet","Andrew Bird",2019-03-22,317413,56,false,,2026-05-01T04:02:47Z,"baroque pop,indie folk","Loma Vista Recordings",0.631,0.619,0,-6.403,0,0.025,0.321,0,0.0658,0.417,100.258,4
spotify:track:0U74q2Txx1kpyJ8iB1cFAG,"Be - Acoustic","Wasteland, Baby! (Special Edition)","Hozier",2019-03-01,235346,53,false,,2026-05-01T04:02:47Z,"","Columbia/Legacy",0.313,0.145,9,-15.463,1,0.0346,0.912,0.0000998,0.103,0.0677,66.784,3
spotify:track:6U13ePayjjfmxzXHGGYbv5,"I Come With Mud","Equus Asinus","Men I Trust",2025-03-19,291791,56,false,,2026-05-01T04:02:47Z,"bedroom pop,indie pop,dream pop","Independent",0.586,0.195,7,-17.293,1,0.0352,0.876,0.784,0.093,0.43,177.905,4
spotify:track:0CEpezcWFou8sCdbcGof44,"I Saw The Mountains","I Saw The Mountains","Noah Cyrus",2025-05-16,264664,53,false,,2026-05-01T04:02:47Z,"","Records/Columbia",0.212,0.347,7,-8.436,1,0.0327,0.212,0.000195,0.113,0.0898,85.277,4
spotify:track:35Tzu0ZfS2YoDNsHfFIR7a,"queen of the season","last night you said you missed me","Hazlett",2025-09-12,199040,69,false,,2026-05-01T04:02:47Z,"indie folk","Nettwerk Music Group",0.612,0.263,8,-11.203,1,0.0291,0.73,0.00293,0.189,0.159,113.905,4
spotify:track:4MoCLZnuRqgdEKaz0wL5h4,"Valley","Sundowner","Kevin Morby",2020-10-16,244573,47,false,,2026-05-01T04:02:47Z,"","Dead Oceans",0.59,0.575,1,-6.423,0,0.0247,0.606,0.0691,0.13,0.494,79.567,4
spotify:track:5P8EHRl1ANXNPEqiy0JoH1,"Overtime (feat. Kacey Musgraves)","Overtime (feat. Kacey Musgraves)","Rainbow Kitten Surprise;Kacey Musgraves",2024-04-05,173610,42,false,,2026-05-01T04:02:47Z,"","Elektra (NEK)",0.672,0.608,4,-10.98,1,0.0485,0.621,0,0.434,0.759,135.92,4
spotify:track:3X7bED3gYbZlSPDWOFphnp,"rain","rain","mxmtoon",2024-10-10,254230,44,false,,2026-05-01T04:02:47Z,"bedroom pop,indie pop","mxmtoon",0.697,0.555,7,-6.942,1,0.0278,0.578,0.00164,0.0634,0.586,111.018,4
spotify:track:4dLDeBfAKzYuyEGwhTUowJ,"Ain't As Pretty A Blue","Ain't As Pretty A Blue","Fleeland;Frances Whitney;Mills",2025-09-12,237884,47,false,,2026-05-01T04:02:47Z,"","Fleeland",0.623,0.299,10,-11.449,1,0.0298,0.654,0.0000117,0.11,0.257,125.804,4
spotify:track:62RTXxio7jbtBTxWz43JPS,"Mystery Of Love - Demo","Mystery Of Love (Demo)","Sufjan Stevens",2025-03-31,244766,62,false,,2026-05-01T04:02:47Z,"baroque pop","Asthmatic Kitty",0.692,0.215,4,-14.369,0,0.0323,0.97,0.0103,0.105,0.736,107.956,4
spotify:track:2u6VEZjUu5P3GVfUMDIIbu,"Best Guess","Forever Is A Feeling","Lucy Dacus",2025-03-28,240364,56,false,,2026-05-01T04:02:47Z,"","Lucy Dacus, under exclusive license to Geffen Records.",0.721,0.51,0,-6.351,1,0.0234,0.582,0.00993,0.144,0.478,95.006,4
spotify:track:5FHqmS1Cw9AoPl797CXDRn,"Moss","Lucky","Sumbuck",2023-09-06,157051,56,false,,2026-05-01T04:02:47Z,"","Gjenny Records distributed by Mick Music",0.734,0.598,6,-8.692,0,0.0283,0.111,0.735,0.113,0.938,116.016,4
spotify:track:5J6TfufAsesi9BPnvlgBl8,"Feeling","Feeling","Billie Marten",2025-03-19,200626,58,false,,2026-05-01T04:02:47Z,"","Fiction Records",0.678,0.462,1,-12.208,1,0.0367,0.69,0.0461,0.107,0.714,92.557,4
spotify:track:010pUlT3cVOipDtfu3bdIU,"Rushin' River Valley","A River Running to Your Heart","Fruit Bats",2023-04-14,226996,54,false,,2026-05-01T04:02:47Z,"","Merge Records",0.553,0.774,2,-9.234,1,0.0304,0.0203,0.543,0.0848,0.533,154.989,4
spotify:track:5zOaXxYlOm67a6lMn1AE8I,"I'm Not Ready To Go","Goodbye to the Valley Low (Side B)","Hazlett",2024-10-04,262160,48,false,,2026-05-01T04:02:47Z,"indie folk","Nettwerk Music Group",0.454,0.077,9,-15.868,1,0.0335,0.893,0.185,0.109,0.0399,107.781,4
spotify:track:3i7XRi2UyvGTdJawJRkVhd,"Certainty","Dragon New Warm Mountain I Believe In You","Big Thief",2022-02-11,187388,60,false,,2026-05-01T04:02:47Z,"","4AD",0.611,0.507,9,-8.521,1,0.0267,0.0208,0.012,0.222,0.401,76.578,4
spotify:track:45KMdPDdZTxcXW3lw10R70,"Bug Like an Angel","The Land Is Inhospitable and So Are We","Mitski",2023-09-15,212333,58,false,,2026-05-01T04:02:47Z,"","Dead Oceans",0.474,0.0617,8,-16.859,1,0.0344,0.902,0.008,0.094,0.0709,114.97,4
spotify:track:6hwzlorpMDQsHtIhwoNPP9,"Bullseye (with Hozier)","Forever Is A Feeling","Lucy Dacus;Hozier",2025-03-28,203490,57,false,,2026-05-01T04:02:47Z,"","Lucy Dacus, under exclusive license to Geffen Records.",0.699,0.458,8,-9.12,1,0.0353,0.558,0.00000172,0.243,0.453,124.087,4
spotify:track:6QfundULpaM2BSV7tcxBsL,"Smoke On the Highway","Townie","X Ambassadors",2024-04-05,253733,40,false,,2026-05-01T04:02:47Z,"","Nyle",0.331,0.674,7,-6.305,1,0.0428,0.681,0.0000451,0.0876,0.266,77.989,4
spotify:track:02olsPYJypEE0IyuaGS4K4,"Picture Window","For Melancholy Brunettes (& sad women)","Japanese Breakfast",2025-03-21,178213,49,false,,2026-05-01T04:02:47Z,"","Dead Oceans",0.678,0.734,0,-6.916,1,0.0347,0.151,0.133,0.137,0.583,107.976,4
spotify:track:1kcwEVl9hYYg1JU0BFbzmc,"Born For Loving You","Vampire Empire / Born For Loving You","Big Thief",2023-09-13,214073,52,true,,2026-05-01T04:02:47Z,"","4AD",0.737,0.517,9,-10.759,1,0.0741,0.544,0,0.229,0.655,123.122,4
spotify:track:059gVW493dUeBHkn0gE1zm,"Older","Older","Lizzy McAlpine",2024-04-05,201183,57,false,,2026-05-01T04:02:47Z,"","Indigo Blue/RCA Records",0.391,0.167,3,-12.994,1,0.0355,0.908,0,0.118,0.189,88.665,3
spotify:track:3dEdX1g7zycepndaSgVocd,"Marigolds","Marigolds","Andrea Bejar",2025-01-17,228216,59,false,,2026-05-01T04:02:47Z,"latin folk,latin indie","Andrea Bejar",0.506,0.258,1,-11.884,1,0.0497,0.853,0.0000587,0.182,0.269,112.04,4
spotify:track:0AXHqychsqAuL0ZNXI3kWq,"Misnomer","Yard Sale","The Brook & The Bluff",2021-10-08,223240,50,false,,2026-05-01T04:02:47Z,"","The Brook & The Bluff",0.471,0.492,10,-9.043,1,0.0468,0.627,0.000668,0.137,0.38,116.361,4
spotify:track:0CEwVzi7nIJ1sXb9YZnQf9,"White Male Privilege","takeaways","Medium Build",2025-11-21,229372,49,false,,2026-05-01T04:02:47Z,"","Island Records",0.491,0.232,0,-9.17,1,0.0483,0.888,0.00000408,0.0922,0.209,120.173,5
spotify:track:6INztpNwOTlfSKTuPo0HOP,"The Alcott (feat. Taylor Swift)","First Two Pages of Frankenstein","The National;Taylor Swift",2023-04-28,267773,64,false,,2026-05-01T04:02:47Z,"indie rock","4AD",0.366,0.47,0,-10.57,1,0.031,0.817,0.00206,0.108,0.429,156.037,3
spotify:track:18AEF8fvBL5QfyHUqQkZVT,"Serotonin","Light, Dark, Light Again","Angie McMahon",2023-10-27,259618,50,false,,2026-05-01T04:02:47Z,"","Gracie Music",0.741,0.552,9,-10.623,1,0.0629,0.883,0.0197,0.11,0.36,116.97,4
spotify:track:5BDqX0YK9TpLotRBvcR8MN,"I Wonder Why","Plastic Bouquet","Kacy & Clayton;Marlon Williams",2020-12-11,125840,45,false,,2026-05-01T04:02:47Z,"southern gothic","New West Records",0.38,0.559,7,-8.55,1,0.0317,0.591,0.00000274,0.149,0.472,78.507,4
spotify:track:1ASUVRxADu66bSIKV9XN9r,"Bovine Excision","Bovine Excision","Samia",2025-01-14,173177,38,false,,2026-05-01T04:02:47Z,"","Grand Jury Music",0.477,0.519,11,-7.706,1,0.0384,0.00236,0.00000852,0.116,0.406,77.753,4
spotify:track:4Uh27w3SzvO8EPOk42xe9z,"Marlay Park","Reverie","Amble",2025-05-23,224419,62,false,,2026-05-01T04:02:47Z,"","Warner Records",0.471,0.464,9,-7.139,1,0.0347,0.684,0,0.14,0.583,129.958,4
spotify:track:0UWXrfsHsy2LUJWEbneShb,"Back To Oz","Back to Oz / Fictional California","Sufjan Stevens;Angelo De Augustine",2021-08-10,252052,39,false,,2026-05-01T04:02:47Z,"baroque pop","Asthmatic Kitty",0.436,0.407,8,-10.46,0,0.0312,0.536,0.00128,0.131,0.446,169.92,4
spotify:track:2ZaTomBYLVmHjC3SCfjfl6,"Cold Hands","Miss Michigan","Momo Boyd;Infinity Song",2026-04-10,204374,48,false,,2026-05-01T04:02:47Z,"","ROC Nation distribution",0.151,0.335,8,-7.859,1,0.0318,0.717,0.0000179,0.13,0.177,81.75,4
spotify:track:5rAKLyxm8fYJKNDiH1udjJ,"Good Thing","To Enjoy is the Only Thing","Maple Glider",2021-06-25,252455,46,false,,2026-05-01T04:02:47Z,"indie folk","Partisan Records",0.705,0.197,8,-12.224,0,0.0344,0.764,0.00267,0.127,0.138,111.984,4
spotify:track:5T6ZMk67Sk3gimfuY73tDA,"Room On Your Shoulder","Room On Your Shoulder","Adam Melchor;Mt. Joy",2025-01-10,206146,39,false,,2026-05-01T04:02:47Z,"","R&R Digital",0.578,0.589,6,-6.167,0,0.0277,0.197,0,0.105,0.4,143.819,4
spotify:track:1NlwiyN4GGn3gVgyZ8T5AW,"Crooked Tree","Crooked Tree","Molly Tuttle;Molly Tuttle & Golden Highway",2022-04-01,232827,49,false,,2026-05-01T04:02:47Z,"bluegrass,newgrass,americana","Nonesuch",0.443,0.534,11,-8.349,1,0.0328,0.613,0,0.151,0.651,115.234,4
spotify:track:4CJ3UMJ236poSE3prhOGnh,"You Would Have to Lose Your Mind","Queens of the Breakers","The Barr Brothers",2017-10-13,381640,55,false,,2026-05-01T04:02:47Z,"indie folk","Secret City Records",0.347,0.446,2,-8.408,1,0.0255,0.173,0.725,0.12,0.243,88.295,4
spotify:track:2oUkMuFYBhdBmMsLLkE0Uy,"Purple","Nothing to Lose","Hollow Coves",2024-03-01,265962,52,false,,2026-05-01T04:02:47Z,"indie folk","Nettwerk Music Group",0.592,0.67,7,-7.472,1,0.0256,0.123,0.0819,0.0911,0.394,108.005,4
spotify:track:6Tv21RLLA1Dt6OtPNz8QDq,"All The Good Times","Big Time","Angel Olsen",2022-06-03,276826,46,false,,2026-05-01T04:02:47Z,"","Jagjaguwar",0.595,0.47,4,-8.722,1,0.0261,0.368,0.00136,0.0947,0.318,81.008,4
spotify:track:5EZhwA15HWLC7UlQ9nuo0L,"Fade Into You","Fade Into You","Richy Mitch & The Coal Miners",2026-02-27,286000,59,false,,2026-05-01T04:02:47Z,"","Band of Wolves",0.446,0.307,9,-15.759,1,0.0256,0.611,0.379,0.105,0.18,51.008,4
spotify:track:1hj8os1Xxiuo95atpJzfCp,"This Is A Photograph","This Is A Photograph","Kevin Morby",2022-05-13,210333,42,false,,2026-05-01T04:02:47Z,"","Dead Oceans",0.721,0.915,4,-4.953,0,0.0469,0.51,0.00163,0.119,0.783,124.011,4
spotify:track:546JgeDaffKxYAt6K4U3o0,"you were mine","you were mine","Esha Tewari",2025-01-13,221584,64,false,,2026-05-01T04:02:47Z,"","Esha Tewari",0.509,0.367,0,-11.126,1,0.0264,0.775,0.0294,0.113,0.309,67.33,4
spotify:track:2KXeAarYaM997AvWtrlaZm,"Lonely Cowboy - Radio Edit","Lonely Cowboy","KALEO",2024-03-29,203235,39,false,,2026-05-01T04:02:47Z,"","Elektra (NEK)",0.516,0.268,0,-13.507,1,0.0453,0.749,0.00362,0.117,0.119,106.196,4
spotify:track:04LtT3aIQTrKUpVR9UG3OL,"Bad Moves","Bad Moves","The Bones of J.R. Jones",2021-01-29,246800,46,false,,2026-05-01T04:02:47Z,"southern gothic,blues rock,modern blues,country blues","The Bones of J.R. Jones / Tone Tree Music",0.547,0.835,8,-7.033,1,0.0372,0.0731,0.589,0.111,0.388,177.143,4
spotify:track:3t6jnTbGHOLmpRgw3M8AG8,"Wouldn't Come Back","Wouldn't Come Back","Trousdale",2021-01-15,219533,53,false,,2026-05-01T04:02:47Z,"","Independent Co.",0.604,0.231,11,-9.466,1,0.0329,0.63,0.00000341,0.103,0.325,124.902,4
spotify:track:52AthVA2opex8NcLSwtO8n,"Grow into Love","Seasons of Change","Half Moon Run",2020-07-17,162106,48,false,,2026-05-01T04:02:47Z,"","Glassnote Music LLC",0.627,0.532,7,-8.915,1,0.0297,0.278,0.0000654,0.113,0.368,95.527,3
spotify:track:5bVFTk3QgUFaBZFObRD4F4,"The Missing Road","Hidden Hollow, Vol. One - Singles","Radical Face",2021-02-02,248385,52,false,,2026-05-01T04:02:47Z,"indie folk","Bear Machine",0.583,0.216,2,-13.345,1,0.0324,0.895,0.645,0.102,0.173,88.393,4
spotify:track:6lOrIg7RQlYHJmD2crdGbJ,"Dirty Laundry","Dirty Laundry","The Army, The Navy",2025-03-28,155391,46,false,,2026-05-01T04:02:47Z,"","New Gold Medal",0.662,0.397,6,-8.943,1,0.033,0.59,0.0000344,0.1,0.455,112.933,4
spotify:track:3nQbf8wfMOkKeLRe45kNFc,"I Know You Know Me (With Matt Berninger)","I Know You Know Me (With Matt Berninger)","Caroline Spence;Matt Berninger",2022-02-04,199123,48,false,,2026-05-01T04:02:47Z,"americana","Rounder",0.348,0.177,5,-14.743,1,0.0282,0.829,0.00548,0.111,0.128,74.809,4
spotify:track:693xmBAOD4xwkS4W71W1Jn,"Emily I'm Sorry","the record","boygenius;Julien Baker;Phoebe Bridgers;Lucy Dacus",2023-03-31,214866,61,true,,2026-05-01T04:02:47Z,"ambient folk","boygenius under exclusive license to Interscope Records",0.582,0.373,11,-12.192,1,0.0483,0.901,0.151,0.104,0.462,135.954,4
spotify:track:66GKPLUMYSsSWirLHvEr0q,"Javelin","Little Wide Open","Kevin Morby",2026-05-15,225017,59,false,,2026-05-01T04:02:47Z,"","Dead Oceans",0.584,0.869,1,-5.489,0,0.0514,0.226,0.0288,0.0905,0.594,97.019,4
spotify:track:6RJq7ki5vvDnLfn8E6EJVV,"Catholic Country","Peace Or Love","Kings of Convenience;Feist",2021-06-18,181139,55,false,,2026-05-01T04:02:47Z,"","[PIAS] Recordings Catalogue",0.803,0.406,2,-11.662,0,0.109,0.784,0.00159,0.101,0.566,93.955,4
spotify:track:4ni2PRjuIORNFXvWB74SqX,"notre dame","notre dame","Paris Paloma",2023-02-17,258430,63,false,,2026-05-01T04:02:47Z,"","Nettwerk Music Group",0.223,0.343,1,-12.193,0,0.0439,0.911,0.0153,0.286,0.0798,76.612,3
spotify:track:2TX0eN7jdjQiGx7NHSax7l,"Bones Shake","Bones Shake","Hazlett",2024-04-19,226011,47,false,,2026-05-01T04:02:47Z,"indie folk","Nettwerk Music Group",0.668,0.168,9,-12.413,1,0.0274,0.882,0.000273,0.114,0.206,94.033,4
spotify:track:1FolOCn6zNFCfqMrV7jdWP,"Dearly Missed","Dearly Missed","Searows",2025-10-02,360720,45,false,,2026-05-01T04:02:47Z,"","Last Recordings on Earth",0.352,0.465,4,-7.784,0,0.0282,0.177,0.0000807,0.114,0.119,154.097,4
spotify:track:67AmallSX48azRoZPSi7Pf,"Can’t Do Much","Saint Cloud","Waxahatchee",2020-03-27,224106,50,false,,2026-05-01T04:02:47Z,"alt country","Merge Records",0.586,0.541,10,-9.489,1,0.0266,0.576,0.0000701,0.11,0.466,112.119,4
spotify:track:66Ew9TmVnxjg8HTjsFoSts,"I Can't Get My Head Around You","Drop Cherries","Billie Marten",2023-04-07,206427,49,false,,2026-05-01T04:02:47Z,"","Fiction Records",0.529,0.578,8,-7.853,1,0.0272,0.498,0.0467,0.108,0.627,145.783,4
spotify:track:0BuI2IX8F4HlGjIxywA09L,"Planting Tomatoes","Planting Tomatoes","Lucy Dacus",2026-04-24,215948,56,false,,2026-05-01T04:02:47Z,"","Lucy Dacus, under exclusive license to Geffen Records.",0.626,0.652,11,-8.769,0,0.0308,0.181,0.000182,0.19,0.536,98.991,4
spotify:track:7daItyBA4UqHyFItCVgzBn,"El Invento","El Invento","José González",2021-02-17,153413,37,false,,2026-05-01T04:02:47Z,"indie folk","Mute",0.5,0.37,9,-11.581,1,0.0376,0.949,0.0761,0.104,0.37,78.785,4
spotify:track:5RXjt2s4HBJw3TcaAzwSrD,"End Of The World","End Of The World","Searows",2023-11-10,234753,62,false,,2026-05-01T04:02:47Z,"","Last Recordings on Earth",0.492,0.26,7,-12.784,1,0.0292,0.927,0.00041,0.114,0.328,135.962,4
spotify:track:2xuNO2twEAziI59xyKYxzZ,"With You","With You","Cujo Moon",2020-09-11,211517,52,false,,2026-05-01T04:02:47Z,"indie folk","Cujo Moon / Tone Tree Music",0.438,0.383,2,-12.527,1,0.0322,0.655,0.0133,0.127,0.322,83.823,4
spotify:track:4FG86wYpIjIl5NrOr79Fxf,"Tough Love","Flyte","Flyte;Laura Marling",2023-10-27,181763,51,false,,2026-05-01T04:02:47Z,"singer-songwriter,southern gothic,folk,indie folk","Nettwerk Music Group",0.739,0.622,2,-6.872,1,0.0288,0.683,0.272,0.109,0.616,119.942,4
spotify:track:3zGhR60NOVSgtzNEQNcHav,"Free Treasure","Bright Future","Adrianne Lenker",2024-03-22,215514,55,false,,2026-05-01T04:02:47Z,"","4AD",0.495,0.196,1,-9.992,1,0.0333,0.915,0,0.152,0.375,76.47,4
spotify:track:2Z7yllvjIQhTpCa5909jLs,"Alabama Haint","Olly Olly","Penny and Sparrow",2022-01-21,182601,50,false,,2026-05-01T04:02:47Z,"","I Love You",0.589,0.422,4,-10.78,0,0.0296,0.868,0.0279,0.0897,0.293,94.968,4
spotify:track:1dNDxVM1HDpdKgon58QvtU,"There's A Place","Pacific","Roo Panes",2020-05-22,368493,47,false,,2026-05-01T04:02:47Z,"indie folk","CRC Records",0.408,0.363,2,-13.949,1,0.0284,0.528,0.0538,0.0868,0.212,131.249,4
spotify:track:3PppWqmsD5jpwWBfOM4YNM,"Back to the Wind","Back to the Wind","Whitney",2025-09-10,200161,35,false,,2026-05-01T04:02:47Z,"","Whitney",0.702,0.389,0,-7.067,1,0.0273,0.86,0.00141,0.136,0.536,78.198,4
spotify:track:2eQIanG89deNTpsjTHsiPz,"Glory Strums (Loneliness of the Long-Distance Runner)","Quietly Blowing It","Hiss Golden Messenger",2021-06-25,208142,49,false,,2026-05-01T04:02:47Z,"americana,alt country","Merge Records",0.476,0.329,2,-16.164,1,0.054,0.674,0.000727,0.0985,0.57,203.777,4
spotify:track:62R903SYfJm79xxLhjEhyW,"Real House","Bright Future","Adrianne Lenker",2024-03-22,358850,59,false,,2026-05-01T04:02:47Z,"","4AD",0.471,0.0333,1,-17.571,1,0.0612,0.977,0,0.121,0.186,112.249,4
spotify:track:6AmrRS8slCMxGUZePjV6dH,"Resin","Resin","Dustin Tebbutt",2020-08-28,203939,57,false,,2026-05-01T04:02:47Z,"indie folk","Dustin Tebbutt",0.259,0.373,1,-12.925,0,0.0275,0.895,0.181,0.118,0.196,83.295,4
spotify:track:1s28bDyZPvFl8OPKOPgYdN,"Break The Jaw","Ace","Madison Cunningham",2025-10-10,247053,36,false,,2026-05-01T04:02:47Z,"","Verve Forecast",0.652,0.638,6,-6.247,0,0.0333,0.188,0.000205,0.0913,0.199,122.076,4
spotify:track:0ut7f4KB9sZQ8uhA4HyOMt,"Half Your Love","Sad Hunk","Bahamas",2020-10-09,144186,50,false,,2026-05-01T04:02:47Z,"","Brushfire Records/Universal",0.73,0.249,9,-9.888,0,0.0344,0.886,0,0.096,0.332,132.007,4
spotify:track:6DdAZ0zZmmSwM8uqoVlepL,"Bruises Off The Peach","Calico","Ryan Beatty",2023-04-28,192961,57,false,,2026-05-01T04:02:47Z,"","Atlantic Records UK",0.526,0.476,11,-8.816,1,0.0453,0.662,0.0000482,0.133,0.409,131.603,4
spotify:track:0fOEjjXBEiyu395pW3C1eo,"Michigan Cherry","Monoflora","River Whyless",2022-04-08,223400,56,false,,2026-05-01T04:02:47Z,"folk pop,indie folk","River Whyless",0.465,0.371,1,-10.758,0,0.0305,0.781,0.0262,0.104,0.281,74.892,4
spotify:track:1QR4pdmLp7eRap6taBnx2V,"to be a man","to be a man","Martin Luke Brown",2025-01-23,233500,27,false,,2026-05-01T04:02:47Z,"","AMK Distributed by Kartel Music Group",0.771,0.347,1,-12.187,1,0.0338,0.628,0.192,0.0976,0.417,104.468,4
spotify:track:0OQFriWHtnIzsRp3uImlGt,"Drunk, Running","Older","Lizzy McAlpine",2024-04-05,245732,58,false,,2026-05-01T04:02:47Z,"","Indigo Blue/RCA Records",0.313,0.444,0,-9.586,1,0.0368,0.75,0.000638,0.0976,0.21,123.572,4
spotify:track:434io34sIbKCD3KzuoJCg5,"Nothing to Lose","Nothing to Lose","Hollow Coves",2024-03-01,237666,40,false,,2026-05-01T04:02:47Z,"indie folk","Nettwerk Music Group",0.743,0.777,3,-8.654,1,0.0376,0.198,0.000827,0.189,0.721,124.988,4
spotify:track:4VOcC6iP1PeVJMBEJZaLOS,"What’s This About (La La La La)","Songs From A Thousand Frames Of Mind (Deluxe)","Kate Bollinger",2025-10-03,130621,39,false,,2026-05-01T04:02:47Z,"","Ghostly International",0.688,0.678,9,-9.999,1,0.0392,0.183,0.0121,0.686,0.807,118,4
spotify:track:0fpBteIa5Ecp353J6OXOcU,"People Always Change","All For Something","Tiny Habits",2024-05-24,256245,45,false,,2026-05-01T04:02:47Z,"","Mom+Pop Music",0.604,0.816,8,-7.148,1,0.0381,0.321,0.00048,0.115,0.667,130.006,4
spotify:track:1bDS3ktQSucD150gp86iFU,"Day by Day","Motivational Speaking","Old Sea Brigade",2021-05-14,192453,44,false,,2026-05-01T04:02:47Z,"indie folk,folk pop","Nettwerk Music Group",0.653,0.616,6,-8.86,0,0.0308,0.0907,0.00826,0.118,0.908,149.9,4
spotify:track:3E32ScayKIBK9JYehnRek9,"Bloomsday","Pick Apart","Samantha Crain",2021-08-27,199146,42,false,,2026-05-01T04:02:47Z,"indie folk","Real Kind Records",0.458,0.529,8,-6.566,1,0.0286,0.286,0.00000322,0.107,0.0767,119.924,4
spotify:track:18W4J2gVpWrdqBB09pUWVn,"New Person, Old Place","History Of A Feeling","Madi Diaz",2021-08-27,246226,46,true,,2026-05-01T04:02:47Z,"","Anti/Epitaph",0.603,0.442,0,-7.736,1,0.0287,0.53,0.0000021,0.0968,0.428,134.936,4
spotify:track:2f6pqUyFcs3NUSoz49H9nw,"Victory","Victory","The Avett Brothers",2020-07-09,233333,39,false,,2026-05-01T04:02:47Z,"indie folk,folk,newgrass,americana,bluegrass,alt country,folk rock","The Avett Brothers / American Recordings / Loma Vista Recordings",0.622,0.191,10,-11.141,1,0.0299,0.947,0.00602,0.106,0.293,134.853,4
spotify:track:3XHtGQBlfMHfKcXdTX7Mt0,"Fisher Island Sound","Artifacts","Beirut",2022-01-28,164773,50,false,,2026-05-01T04:02:47Z,"baroque pop,indie folk","Pompeii Records",0.561,0.739,7,-7.752,1,0.028,0.0846,0.422,0.1,0.146,123.983,4
spotify:track:00m3xfGUrS9cmArfDWeT7Y,"winding down","when to step away","Abby Powledge",2026-02-20,252786,27,false,,2026-05-01T04:02:47Z,"","Mutual Friends",0.477,0.523,4,-7.465,1,0.034,0.354,0.00000314,0.291,0.539,152.143,4
spotify:track:3iGrd3ze293iLtxeuNFCSq,"Back on the Road","Back on the Road","Half Moon Run",2025-01-31,144901,48,false,,2026-05-01T04:02:47Z,"","The Pepper Gang Inc",0.567,0.602,9,-9.754,1,0.0326,0.285,0.0000455,0.2,0.347,78.904,4
spotify:track:237ziShbG6KcoEMtwekVsM,"Moderation","Pompeii","Cate Le Bon",2022-02-04,244576,46,false,,2026-05-01T04:02:47Z,"art pop","Mexican Summer",0.653,0.499,2,-7.56,1,0.0259,0.705,0.0971,0.149,0.477,112.984,4
spotify:track:1HKArvLqmZwJz5GljLvcxi,"Square One","Square One","Caamp",2021-02-26,186794,56,false,,2026-05-01T04:02:47Z,"indie folk,folk","Mom+Pop",0.685,0.25,4,-15.138,1,0.0416,0.911,0.000306,0.108,0.317,103.387,4
spotify:track:2TQXJmPwCgmIXpAtz9dyCI,"Thirty","The Weather Station","The Weather Station",2017-10-06,220253,38,true,,2026-05-01T04:02:47Z,"indie folk","Paradise of Bachelors",0.398,0.553,0,-8.738,1,0.0538,0.672,0.0000396,0.245,0.539,163.718,4
spotify:track:1uC6yl3BVOOyieOooYDeq7,"Good Game","Good Game","Clover County",2025-08-06,200423,24,false,,2026-05-01T04:02:47Z,"","Undercover Lover Records",0.738,0.58,0,-8.857,1,0.0302,0.726,0.00491,0.141,0.644,136.007,4
spotify:track:6Pn80kzsmTmXQP7pmF8dSM,"I Don't Want to Go That Way","At the Roadhouse","The Paper Kites",2023-09-01,324000,41,false,,2026-05-01T04:02:47Z,"indie folk","Nettwerk Music Group",0.562,0.327,3,-12.234,1,0.0282,0.782,0.422,0.124,0.246,114.057,4
spotify:track:5PdIsdV4HHhy6MtSGLTMEO,"When I Was Younger","Keep Me on Your Mind/See You Free","Bonny Light Horseman;Eric D. Johnson;Josh Kaufman;Anaïs Mitchell",2024-06-07,197416,34,false,,2026-05-01T04:02:47Z,"musicals","Jagjaguwar",0.514,0.39,0,-7.903,1,0.039,0.177,0.00926,0.0917,0.429,129.366,4
spotify:track:3Ugq8kEET6KgKBmZ3ttCNl,"RHODODENDRON","LIFE ON EARTH","Hurray For The Riff Raff",2022-02-18,214173,37,false,,2026-05-01T04:02:47Z,"americana,alt country","Nonesuch",0.706,0.733,5,-7.875,1,0.0494,0.732,0.028,0.0949,0.692,74.995,4
spotify:track:4roCXZFxzB1WrKofdjedQg,"No Springtime (ft. Joy Oladokun & Julie Williams)","No Springtime (ft. Joy Oladokun & Julie Williams)","Allison Russell;Joy Oladokun;Julie Williams",2026-04-10,200373,43,false,,2026-05-01T04:02:47Z,"southern gothic,folk","Fantasy",0.579,0.442,2,-7.766,1,0.176,0.474,0,0.118,0.686,70.726,4
spotify:track:0L3RnOmyfM0MrrzNbmWZ25,"Never, No Not Once","Never, No Not Once","John Vincent III",2024-07-19,298864,50,true,,2026-05-01T04:02:47Z,"","Concord Records",0.385,0.718,1,-5.169,1,0.0298,0.0712,0.0000415,0.193,0.211,104.267,4
spotify:track:1OeNu7kjS4MGCt1nTzgefU,"Bring Home My Man","Bring Home My Man","Maya Hawke",2026-04-10,262306,38,false,,2026-05-01T04:02:47Z,"","Mom+Pop Music",0.616,0.21,7,-14.345,1,0.0354,0.932,0.00232,0.0903,0.37,119.009,3
spotify:track:0c1vt1oxwc7oe3QVpgn6Ag,"The Love","Slow Reveal: Chapter One","Dekker",2020-11-20,158948,54,false,,2026-05-01T04:02:47Z,"","B Dekker Records",0.695,0.47,0,-12.166,0,0.0366,0.677,0.491,0.104,0.506,149.951,4
